{"fonts/Almarai-Bold.ttf":["fonts/Almarai-Bold.ttf"],"fonts/Almarai-ExtraBold.ttf":["fonts/Almarai-ExtraBold.ttf"],"fonts/Almarai-Light.ttf":["fonts/Almarai-Light.ttf"],"fonts/Almarai-Regular.ttf":["fonts/Almarai-Regular.ttf"],"fonts/ArefRuqaa-Bold.ttf":["fonts/ArefRuqaa-Bold.ttf"],"fonts/ArefRuqaa-Regular.ttf":["fonts/ArefRuqaa-Regular.ttf"],"images/1/0.jpeg":["images/1/0.jpeg"],"images/1/1.jpeg":["images/1/1.jpeg"],"images/1/2.jpeg":["images/1/2.jpeg"],"images/1/3.jpeg":["images/1/3.jpeg"],"images/1/4.jpeg":["images/1/4.jpeg"],"images/1/5.jpeg":["images/1/5.jpeg"],"images/1/6.jpeg":["images/1/6.jpeg"],"images/1/7.jpeg":["images/1/7.jpeg"],"images/1/8.jpeg":["images/1/8.jpeg"],"images/1/9.jpeg":["images/1/9.jpeg"],"images/2/0.jpeg":["images/2/0.jpeg"],"images/2/1.jpeg":["images/2/1.jpeg"],"images/2/2.jpeg":["images/2/2.jpeg"],"images/2/3.jpeg":["images/2/3.jpeg"],"images/2/4.jpeg":["images/2/4.jpeg"],"images/2/5.jpeg":["images/2/5.jpeg"],"images/2/6.jpeg":["images/2/6.jpeg"],"images/2/7.jpeg":["images/2/7.jpeg"],"images/2/8.jpeg":["images/2/8.jpeg"],"images/2/9.jpeg":["images/2/9.jpeg"],"images/3/0.jpeg":["images/3/0.jpeg"],"images/3/1.jpeg":["images/3/1.jpeg"],"images/3/2.jpeg":["images/3/2.jpeg"],"images/3/3.jpeg":["images/3/3.jpeg"],"images/3/4.jpeg":["images/3/4.jpeg"],"images/3/5.jpeg":["images/3/5.jpeg"],"images/3/6.jpeg":["images/3/6.jpeg"],"images/3/7.jpeg":["images/3/7.jpeg"],"images/3/8.jpeg":["images/3/8.jpeg"],"images/3/9.jpeg":["images/3/9.jpeg"],"images/4/0.jpeg":["images/4/0.jpeg"],"images/4/1.jpeg":["images/4/1.jpeg"],"images/4/2.jpeg":["images/4/2.jpeg"],"images/4/3.jpeg":["images/4/3.jpeg"],"images/4/4.jpeg":["images/4/4.jpeg"],"images/4/5.jpeg":["images/4/5.jpeg"],"images/4/6.jpeg":["images/4/6.jpeg"],"images/4/7.jpeg":["images/4/7.jpeg"],"images/4/8.jpeg":["images/4/8.jpeg"],"images/4/9.jpeg":["images/4/9.jpeg"],"images/5/0.jpeg":["images/5/0.jpeg"],"images/5/1.jpeg":["images/5/1.jpeg"],"images/5/2.jpeg":["images/5/2.jpeg"],"images/5/3.jpeg":["images/5/3.jpeg"],"images/5/4.jpeg":["images/5/4.jpeg"],"images/5/5.jpeg":["images/5/5.jpeg"],"images/5/6.jpeg":["images/5/6.jpeg"],"images/5/7.jpeg":["images/5/7.jpeg"],"images/5/8.jpeg":["images/5/8.jpeg"],"images/5/9.jpeg":["images/5/9.jpeg"],"images/6/0.jpeg":["images/6/0.jpeg"],"images/6/1.jpeg":["images/6/1.jpeg"],"images/6/2.jpeg":["images/6/2.jpeg"],"images/6/3.jpeg":["images/6/3.jpeg"],"images/6/4.jpeg":["images/6/4.jpeg"],"images/6/5.jpeg":["images/6/5.jpeg"],"images/6/6.jpeg":["images/6/6.jpeg"],"images/6/7.jpeg":["images/6/7.jpeg"],"images/6/8.jpeg":["images/6/8.jpeg"],"images/6/9.jpeg":["images/6/9.jpeg"],"images/call-image.jpg":["images/call-image.jpg"],"images/header-image-1.jpeg":["images/header-image-1.jpeg"],"images/header-image-2.jpeg":["images/header-image-2.jpeg"],"images/header-image-3.jpeg":["images/header-image-3.jpeg"],"images/header-image-4.jpeg":["images/header-image-4.jpeg"],"images/header-image-5.jpeg":["images/header-image-5.jpeg"],"images/header-image-6.jpeg":["images/header-image-6.jpeg"],"images/header-image.jpg":["images/header-image.jpg"],"images/logo-min.png":["images/logo-min.png"],"images/logo-min11.png":["images/logo-min11.png"]}